<NotepadPlus>
    <Session activeView="0">
        <mainView activeIndex="3">
            <File firstVisibleLine="0" xOffset="0" scrollWidth="588" startPos="755" endPos="755" selMode="0" lang="Normal Text" encoding="-1" filename="W:\&#x500B;&#x4EBA;&#x30C7;&#x30FC;&#x30BF;\&#x6C38;&#x702C;\20120717_SIO&#xFF9B;&#xFF78;&#xFF9E;\readme.txt" />
            <File firstVisibleLine="7005" xOffset="0" scrollWidth="2065" startPos="632696" endPos="635841" selMode="0" lang="Normal Text" encoding="-1" filename="D:\nagase\WorkSpace\SIO_proto001\SIO_BAKE_SPIN.log" />
            <File firstVisibleLine="23" xOffset="0" scrollWidth="1407" startPos="7494" endPos="7494" selMode="0" lang="Normal Text" encoding="-1" filename="D:\nagase\WorkSpace\SIO_proto001\SIO_BAKE_SPIN_short.log" />
        </mainView>
        <subView activeIndex="0" />
    </Session>
</NotepadPlus>
